theta,rho,row_sum_error,P_inf_norm,inner_count,outer_count,annulus_count,family_lower,family_upper
0.0,0.9951593871107954,0.0,0.65,16,16,0,0.948499056600415,1.009793704748116
0.005,0.9951688465817726,0.0,0.65,16,16,0,0.948499056600415,1.009793704748116
0.01,0.9951781920586786,0.0,0.6499999999999999,16,16,0,0.948499056600415,1.009793704748116
0.015,0.995187397807523,0.0,0.65,16,16,0,0.948499056600415,1.009793704748116
0.02,0.9951964402436321,0.0,0.65,16,16,0,0.948499056600415,1.009793704748116
0.025,0.9952052982355977,0.0,0.65,16,16,0,0.948499056600415,1.009793704748116
0.03,0.9952139533294057,0.0,0.6499999999999999,16,16,0,0.948499056600415,1.009793704748116
0.035,0.9952223898909978,0.0,0.65,16,16,0,0.948499056600415,1.009793704748116
0.04,0.9952305951697888,0.0,0.65,16,16,0,0.948499056600415,1.009793704748116
0.045,0.9952385592890277,0.0,0.65,16,16,0,0.948499056600415,1.009793704748116
0.05,0.9952462751714232,0.0,0.6499999999999999,16,16,0,0.948499056600415,1.009793704748116
0.055,0.995253738410319,0.0,0.6499999999999999,16,16,0,0.948499056600415,1.009793704748116
0.06,0.9952609470973648,0.0,0.65,16,16,0,0.948499056600415,1.009793704748116
0.065,0.9952679016179038,0.0,0.65,16,16,0,0.948499056600415,1.009793704748116
0.07,0.9952746044246337,0.0,0.6499999999999999,16,16,0,0.948499056600415,1.009793704748116
0.075,0.9952810597992247,0.0,0.65,16,16,0,0.948499056600415,1.009793704748116
0.08,0.995287273610303,0.0,0.6500000000000001,16,16,0,0.948499056600415,1.009793704748116
0.085,0.9952932530747756,0.0,0.65,16,16,0,0.948499056600415,1.009793704748116
0.09,0.9952990065281208,0.0,0.65,16,16,0,0.948499056600415,1.009793704748116
0.095,0.9953045432078355,0.0,0.65,16,16,0,0.948499056600415,1.009793704748116
0.1,0.9953098730529932,0.0,0.6500000000000001,16,16,0,0.948499056600415,1.009793704748116
0.105,0.9953150065218418,0.0,0.65,16,16,0,0.948499056600415,1.009793704748116
0.11,0.9953199544283331,0.0,0.65,16,16,0,0.948499056600415,1.009793704748116
0.115,0.9953247277978646,0.0,0.65,16,16,0,0.948499056600415,1.009793704748116
0.12,0.9953293377417972,0.0,0.65,16,16,0,0.948499056600415,1.009793704748116
0.125,0.9953337953500089,0.0,0.65,16,16,0,0.948499056600415,1.009793704748116
0.13,0.9953381116003404,0.0,0.65,16,16,0,0.948499056600415,1.009793704748116
0.135,0.9953422972835896,0.0,0.65,16,16,0,0.948499056600415,1.009793704748116
0.14,0.9953463629427427,0.0,0.65,16,16,0,0.948499056600415,1.009793704748116
0.145,0.99535031882485,0.0,0.6499999999999999,16,16,0,0.948499056600415,1.009793704748116
0.15,0.99535417484421,0.0,0.65,16,16,0,0.948499056600415,1.009793704748116
0.155,0.9953579405553633,0.0,0.65,16,16,0,0.948499056600415,1.009793704748116
0.16,0.995361625134677,0.0,0.65,16,16,0,0.948499056600415,1.009793704748116
0.165,0.9953652373691996,0.0,0.6499999999999999,16,16,0,0.948499056600415,1.009793704748116
0.17,0.995368785651741,0.0,0.65,16,16,0,0.948499056600415,1.009793704748116
0.17500000000000002,0.9953722779810767,0.0,0.65,16,16,0,0.948499056600415,1.009793704748116
0.18,0.9953757219664707,0.0,0.65,16,16,0,0.948499056600415,1.009793704748116
0.185,0.9953791248356492,0.0,0.6499999999999999,16,16,0,0.948499056600415,1.009793704748116
0.19,0.9953824934454957,0.0,0.6500000000000001,16,16,0,0.948499056600415,1.009793704748116
0.195,0.995385834294981,0.0,0.65,16,16,0,0.948499056600415,1.009793704748116
0.2,0.9953891535396604,0.0,0.65,16,16,0,0.948499056600415,1.009793704748116
0.20500000000000002,0.9953924570074011,0.0,0.6499999999999999,16,16,0,0.948499056600415,1.009793704748116
0.21,0.9953957502148725,0.0,0.6500000000000001,16,16,0,0.948499056600415,1.009793704748116
0.215,0.9953990383845837,0.0,0.6500000000000001,16,16,0,0.948499056600415,1.009793704748116
0.22,0.9954023264621098,0.0,0.65,16,16,0,0.948499056600415,1.009793704748116
0.225,0.9954056191333727,0.0,0.65,16,16,0,0.948499056600415,1.009793704748116
0.23,0.9954089208417253,0.0,0.6500000000000001,16,16,0,0.948499056600415,1.009793704748116
0.23500000000000001,0.9954122358047908,0.0,0.65,16,16,0,0.948499056600415,1.009793704748116
0.24,0.9954155680308757,0.0,0.65,16,16,0,0.948499056600415,1.009793704748116
0.245,0.9954189213349343,0.0,0.65,16,16,0,0.948499056600415,1.009793704748116
0.25,0.9954222993539448,0.0,0.65,16,16,0,0.948499056600415,1.009793704748116
0.255,0.9954257055617799,0.0,0.65,16,16,0,0.948499056600415,1.009793704748116
0.26,0.9954291432834121,0.0,0.65,16,16,0,0.948499056600415,1.009793704748116
0.265,0.9954326157085829,0.0,0.65,16,16,0,0.948499056600415,1.009793704748116
0.27,0.99543612590476,0.0,0.65,16,16,0,0.948499056600415,1.009793704748116
0.275,0.9954396768295769,0.0,0.65,16,16,0,0.948499056600415,1.009793704748116
0.28,0.9954432713426399,0.0,0.65,16,16,0,0.948499056600415,1.009793704748116
0.28500000000000003,0.9954469122167598,0.0,0.65,16,16,0,0.948499056600415,1.009793704748116
0.29,0.9954506021486401,0.0,0.6499999999999999,16,16,0,0.948499056600415,1.009793704748116
0.295,0.9954543437690505,0.0,0.65,16,16,0,0.948499056600415,1.009793704748116
0.3,0.9954581396524704,0.0,0.6499999999999999,16,16,0,0.948499056600415,1.009793704748116
0.305,0.995461992326309,0.0,0.65,16,16,0,0.948499056600415,1.009793704748116
0.31,0.9954659042796544,0.0,0.6499999999999999,16,16,0,0.948499056600415,1.009793704748116
0.315,0.9954698779716415,0.0,0.65,16,16,0,0.948499056600415,1.009793704748116
0.32,0.9954739158394371,0.0,0.6499999999999999,16,16,0,0.948499056600415,1.009793704748116
0.325,0.9954780203058731,0.0,0.65,16,16,0,0.948499056600415,1.009793704748116
0.33,0.9954821937868205,0.0,0.6499999999999999,16,16,0,0.948499056600415,1.009793704748116
0.335,0.995486438698196,0.0,0.65,16,16,0,0.948499056600415,1.009793704748116
0.34,0.9954907574628172,0.0,0.6499999999999999,16,16,0,0.948499056600415,1.009793704748116
0.34500000000000003,0.9954951525169838,0.0,0.65,16,16,0,0.948499056600415,1.009793704748116
0.35000000000000003,0.9954996263168845,0.0,0.6499999999999999,16,16,0,0.948499056600415,1.009793704748116
0.355,0.9955041813448474,0.0,0.65,16,16,0,0.948499056600415,1.009793704748116
0.36,0.9955088201154749,0.0,0.65,16,16,0,0.948499056600415,1.009793704748116
0.365,0.9955135451816306,0.0,0.65,16,16,0,0.948499056600415,1.009793704748116
0.37,0.9955183591404233,0.0,0.65,16,16,0,0.948499056600415,1.009793704748116
0.375,0.995523264639063,0.0,0.65,16,16,0,0.948499056600415,1.009793704748116
0.38,0.9955282643807749,0.0,0.65,16,16,0,0.948499056600415,1.009793704748116
0.385,0.9955333611306592,0.0,0.65,16,16,0,0.948499056600415,1.009793704748116
0.39,0.9955385577216059,0.0,0.65,16,16,0,0.948499056600415,1.009793704748116
0.395,0.9955438570602704,0.0,0.65,16,16,0,0.948499056600415,1.009793704748116
0.4,0.9955492621331364,0.0,0.65,16,16,0,0.948499056600415,1.009793704748116
0.405,0.995554776012684,0.0,0.65,16,16,0,0.948499056600415,1.009793704748116
0.41000000000000003,0.9955604018637042,0.0,0.65,16,16,0,0.948499056600415,1.009793704748116
0.41500000000000004,0.995566142949748,0.0,0.65,16,16,0,0.948499056600415,1.009793704748116
0.42,0.9955720026398566,0.0,0.6500000000000001,16,16,0,0.948499056600415,1.009793704748116
0.425,0.9955779844154147,0.0,0.6499999999999999,16,16,0,0.948499056600415,1.009793704748116
0.43,0.9955840918773304,0.0,0.6500000000000001,16,16,0,0.948499056600415,1.009793704748116
0.435,0.9955903287534558,0.0,0.6499999999999999,16,16,0,0.948499056600415,1.009793704748116
0.44,0.9955966989063945,0.0,0.6500000000000001,16,16,0,0.948499056600415,1.009793704748116
0.445,0.9956032063415816,0.0,0.6499999999999999,16,16,0,0.948499056600415,1.009793704748116
0.45,0.9956098552158341,0.0,0.6500000000000001,16,16,0,0.948499056600415,1.009793704748116
0.455,0.9956166498462853,0.0,0.6499999999999999,16,16,0,0.948499056600415,1.009793704748116
0.46,0.9956235947198117,0.0,0.6500000000000001,16,16,0,0.948499056600415,1.009793704748116
0.465,0.995630694502992,0.0,0.6499999999999999,16,16,0,0.948499056600415,1.009793704748116
0.47000000000000003,0.9956379540525891,0.0,0.6500000000000001,16,16,0,0.948499056600415,1.009793704748116
0.47500000000000003,0.995645378426715,0.0,0.6499999999999999,16,16,0,0.948499056600415,1.009793704748116
0.48,0.9956529728965968,0.0,0.65,16,16,0,0.948499056600415,1.009793704748116
0.485,0.9956607429591394,0.0,0.65,16,16,0,0.948499056600415,1.009793704748116
0.49,0.9956686943502293,0.0,0.65,16,16,0,0.948499056600415,1.009793704748116
0.495,0.9956768330589344,0.0,0.65,16,16,0,0.948499056600415,1.009793704748116
0.5,0.9956851653426312,0.0,0.65,16,16,0,0.948499056600415,1.009793704748116
0.505,0.9956936977431455,0.0,0.65,16,16,0,0.948499056600415,1.009793704748116
0.51,0.9957024371040039,0.0,0.65,16,16,0,0.948499056600415,1.009793704748116
0.515,0.9957113905888664,0.0,0.65,16,16,0,0.948499056600415,1.009793704748116
0.52,0.995720565701302,0.0,0.65,16,16,0,0.948499056600415,1.009793704748116
0.525,0.9957299703059296,0.0,0.65,16,16,0,0.948499056600415,1.009793704748116
0.53,0.9957396126511086,0.0,0.65,16,16,0,0.948499056600415,1.009793704748116
0.535,0.9957495013933195,0.0,0.65,16,16,0,0.948499056600415,1.009793704748116
0.54,0.9957596456233071,0.0,0.65,16,16,0,0.948499056600415,1.009793704748116
0.545,0.9957700548942252,0.0,0.65,16,16,0,0.948499056600415,1.009793704748116
0.55,0.9957807392518772,0.0,0.65,16,16,0,0.948499056600415,1.009793704748116
0.555,0.9957917092672979,0.0,0.65,16,16,0,0.948499056600415,1.009793704748116
0.56,0.9958029760718231,0.0,0.65,16,16,0,0.948499056600415,1.009793704748116
0.5650000000000001,0.9958145513948744,0.0,0.65,16,16,0,0.948499056600415,1.009793704748116
0.5700000000000001,0.9958264476047053,0.0,0.65,16,16,0,0.948499056600415,1.009793704748116
0.5750000000000001,0.9958386777523178,0.0,0.65,16,16,0,0.948499056600415,1.009793704748116
0.58,0.9958512556188391,0.0,0.65,16,16,0,0.948499056600415,1.009793704748116
0.585,0.9958641957665966,0.0,0.65,16,16,0,0.948499056600415,1.009793704748116
0.59,0.9958775135942417,0.0,0.65,16,16,0,0.948499056600415,1.009793704748116
0.595,0.9958912253961427,0.0,0.65,16,16,0,0.948499056600415,1.009793704748116
0.6,0.9959053484263988,0.0,0.65,16,16,0,0.948499056600415,1.009793704748116
0.605,0.995919900967818,0.0,0.65,16,16,0,0.948499056600415,1.009793704748116
0.61,0.9959349024060586,0.0,0.65,16,16,0,0.948499056600415,1.009793704748116
0.615,0.9959503733093622,0.0,0.65,16,16,0,0.948499056600415,1.009793704748116
0.62,0.9959663355139952,0.0,0.65,16,16,0,0.948499056600415,1.009793704748116
0.625,0.9959828122157109,0.0,0.65,16,16,0,0.948499056600415,1.009793704748116
0.63,0.9959998280673006,0.0,0.65,16,16,0,0.948499056600415,1.009793704748116
0.635,0.9960174092822923,0.0,0.65,16,16,0,0.948499056600415,1.009793704748116
0.64,0.9960355837446064,0.0,0.65,16,16,0,0.948499056600415,1.009793704748116
0.645,0.9960543811238618,0.0,0.65,16,16,0,0.948499056600415,1.009793704748116
0.65,0.9960738329956729,0.0,0.65,16,16,0,0.948499056600415,1.009793704748116
0.655,0.9960939729659158,0.0,0.65,16,16,0,0.948499056600415,1.009793704748116
0.66,0.9961148367974302,0.0,0.65,16,16,0,0.948499056600415,1.009793704748116
0.665,0.9961364625370482,0.0,0.65,16,16,0,0.948499056600415,1.009793704748116
0.67,0.9961588906399625,0.0,0.65,16,16,0,0.948499056600415,1.009793704748116
0.675,0.9961821640874533,0.0,0.65,16,16,0,0.948499056600415,1.009793704748116
0.68,0.9962063284928347,0.0,0.65,16,16,0,0.948499056600415,1.009793704748116
0.685,0.9962314321888575,0.0,0.65,16,16,0,0.948499056600415,1.009793704748116
0.6900000000000001,0.9962575262881386,0.0,0.65,16,16,0,0.948499056600415,1.009793704748116
0.6950000000000001,0.9962846647060908,0.0,0.65,16,16,0,0.948499056600415,1.009793704748116
0.7000000000000001,0.9963129041336317,0.0,0.65,16,16,0,0.948499056600415,1.009793704748116
0.705,0.9963423039444795,0.0,0.65,16,16,0,0.948499056600415,1.009793704748116
0.71,0.996372926019518,0.0,0.65,16,16,0,0.948499056600415,1.009793704748116
0.715,0.9964048344686822,0.0,0.65,16,16,0,0.948499056600415,1.009793704748116
0.72,0.9964380952294919,0.0,0.65,16,16,0,0.948499056600415,1.009793704748116
0.725,0.9964727755211421,0.0,0.65,16,16,0,0.948499056600415,1.009793704748116
0.73,0.9965089431350755,0.0,0.65,16,16,0,0.948499056600415,1.009793704748116
0.735,0.9965466655473748,0.0,0.65,16,16,0,0.948499056600415,1.009793704748116
0.74,0.9965860088463612,0.0,0.65,16,16,0,0.948499056600415,1.009793704748116
0.745,0.9966270364808327,0.0,0.65,16,16,0,0.948499056600415,1.009793704748116
0.75,0.9966698078508323,0.0,0.65,16,16,0,0.948499056600415,1.009793704748116
0.755,0.9967143767826845,0.0,0.65,16,16,0,0.948499056600415,1.009793704748116
0.76,0.9967607899525109,0.0,0.65,16,16,0,0.948499056600415,1.009793704748116
0.765,0.996809085343754,0.0,0.65,16,16,0,0.948499056600415,1.009793704748116
0.77,0.9968592908420969,0.0,0.65,16,16,0,0.948499056600415,1.009793704748116
0.775,0.9969114230797375,0.0,0.65,16,16,0,0.948499056600415,1.009793704748116
0.78,0.9969654866378748,0.0,0.65,16,16,0,0.948499056600415,1.009793704748116
0.785,0.9970214736980121,0.0,0.6500000000000001,16,16,0,0.948499056600415,1.009793704748116
0.79,0.9970793642005431,0.0,0.65,16,16,0,0.948499056600415,1.009793704748116
0.795,0.997139126525434,0.0,0.65,16,16,0,0.948499056600415,1.009793704748116
0.8,0.997200718661998,0.0,0.65,16,16,0,0.948499056600415,1.009793704748116
0.805,0.9972640897891908,0.0,0.6500000000000001,16,16,0,0.948499056600415,1.009793704748116
0.81,0.9973291821530584,0.0,0.65,16,16,0,0.948499056600415,1.009793704748116
0.8150000000000001,0.9973959331081899,0.0,0.65,16,16,0,0.948499056600415,1.009793704748116
0.8200000000000001,0.997464277187437,0.0,0.65,16,16,0,0.948499056600415,1.009793704748116
0.8250000000000001,0.997534148077588,0.0,0.6500000000000001,16,16,0,0.948499056600415,1.009793704748116
0.8300000000000001,0.9976054804031225,0.0,0.65,16,16,0,0.948499056600415,1.009793704748116
0.835,0.9976782112508388,0.0,0.65,16,16,0,0.948499056600415,1.009793704748116
0.84,0.9977522813994388,0.0,0.65,16,16,0,0.948499056600415,1.009793704748116
0.845,0.997827636246172,0.0,0.65,16,16,0,0.948499056600415,1.009793704748116
0.85,0.9979042264444792,0.0,0.65,16,16,0,0.948499056600415,1.009793704748116
0.855,0.9979820082818421,0.0,0.65,16,16,0,0.948499056600415,1.009793704748116
0.86,0.9980609438357111,0.0,0.65,16,16,0,0.948499056600415,1.009793704748116
0.865,0.9981410009487198,0.0,0.65,16,16,0,0.948499056600415,1.009793704748116
0.87,0.9982221530635209,0.0,0.65,16,16,0,0.948499056600415,1.009793704748116
0.875,0.9983043789543525,0.0,0.65,16,16,0,0.948499056600415,1.009793704748116
0.88,0.9983876623876855,0.0,0.65,16,16,0,0.948499056600415,1.009793704748116
0.885,0.9984719917388186,0.0,0.65,16,16,0,0.948499056600415,1.009793704748116
0.89,0.9985573595861484,0.0,0.65,16,16,0,0.948499056600415,1.009793704748116
0.895,0.9986437623001447,0.0,0.65,16,16,0,0.948499056600415,1.009793704748116
0.9,0.9987311996396393,0.0,0.65,16,16,0,0.948499056600415,1.009793704748116
0.905,0.9988196743648445,0.0,0.65,16,16,0,0.948499056600415,1.009793704748116
0.91,0.9989091918735842,0.0,0.65,16,16,0,0.948499056600415,1.009793704748116
0.915,0.9989997598649387,0.0,0.65,16,16,0,0.948499056600415,1.009793704748116
0.92,0.9990913880329916,0.0,0.65,16,16,0,0.948499056600415,1.009793704748116
0.925,0.9991840877918261,0.0,0.65,16,16,0,0.948499056600415,1.009793704748116
0.93,0.9992778720321446,0.0,0.65,16,16,0,0.948499056600415,1.009793704748116
0.935,0.9993727549089064,0.0,0.65,16,16,0,0.948499056600415,1.009793704748116
0.9400000000000001,0.9994687516590386,0.0,0.65,16,16,0,0.948499056600415,1.009793704748116
0.9450000000000001,0.9995658784476305,0.0,0.65,16,16,0,0.948499056600415,1.009793704748116
0.9500000000000001,0.9996641522408902,0.0,0.65,16,16,0,0.948499056600415,1.009793704748116
0.9550000000000001,0.9997635907036941,0.0,0.65,16,16,0,0.948499056600415,1.009793704748116
0.96,0.999864212119493,0.0,0.65,16,16,0,0.948499056600415,1.009793704748116
0.965,0.9999660353301398,0.0,0.65,16,16,0,0.948499056600415,1.009793704748116
0.97,1.000069079693115,0.0,0.6499999999999999,16,16,0,0.948499056600415,1.009793704748116
0.975,1.0001733650535745,0.0,0.65,16,16,0,0.948499056600415,1.009793704748116
0.98,1.0002789117286532,0.0,0.65,16,16,0,0.948499056600415,1.009793704748116
0.985,1.000385740501502,0.0,0.65,16,16,0,0.948499056600415,1.009793704748116
0.99,1.000493872622733,0.0,0.6499999999999999,16,16,0,0.948499056600415,1.009793704748116
0.995,1.0006033298170043,0.0,0.65,16,16,0,0.948499056600415,1.009793704748116
1.0,1.0007141342930006,0.0,0.65,16,16,0,0.948499056600415,1.009793704748116
